SOFUBI,"メディコム・トイ
MEDICOM TOY","Vol.29 キカイダー01(DX版)
KIKAIDER 01 (DX Ver.)",11000,3600,3240,3600,images/KIKAIDER_01_DX_Ver.jpg,Y,immediate 260607,
SOFUBI,"メディコム・トイ
MEDICOM TOY","Vol.29 ハサミジャガー(クリア新色)&ハサミジャガー(ミニソフビ)
HASAMI JAGUAR (Clear new color) + Mini Sofubi",11000,3600,3240,3600,images/HASAMI_JAGUAR_Clear_new_color_Mini_Sofubi.jpg,Y,immediate 260607,
SOFUBI,"メディコム・トイ
MEDICOM TOY","Vol.31 ガマボイラー(新色)+ミニソフビ
GAMA BOILER (New color) + Mini Sofubi",11000,3600,3240,3600,images/GAMA_BOILER_New_color_Mini_Sofubi.jpg,Y,immediate 260607,
SOFUBI,"メディコム・トイ
MEDICOM TOY","Vol.34 ベアーコンガー(新色)+ミニソフビ
BEAR CONGER (New color) + Mini Sofubi",13200,4300,3870,4300,images/BEAR_CONGER_New_color_Mini_Sofubi.jpg,Y,immediate 260607,
SOFUBI,"メディコム・トイ
MEDICOM TOY","Vol.34 死神博士(新色蓄光)+ミニソフビ 12+24cm set
SHINIGAMI HAKASE (Glow new color) + Mini Sofubi",,4000,3600,4000,images/SHINIGAMI_HAKASE_Glow_new_color_Mini_Sofubi.jpg,Y,immediate 260607,
SOFUBI,"メディコム・トイ
MEDICOM TOY","Vol.34 イカデビル(新色)+ミニソフビ 12+24cm set
IKA DEVIL (New color) + Mini Sofubi",,3700,3330,3700,images/IKA_DEVIL_New_color_Mini_Sofubi.jpg,Y,immediate 260607,
SOFUBI,"メディコム・トイ
MEDICOM TOY","Vol.35 ギャバン（シャイニングシルバーVer.）
GAVAN (Shining Silver Ver.)",11880,3900,3510,3900,images/GAVAN_Shining_Silver_Ver.jpg,Y,immediate 260607,
SOFUBI,"メディコム・トイ
MEDICOM TOY","Vol.35 仮面ライダー(シン・仮面ライダー)(コートVer.) 24cm
KAMEN RIDER (SHIN KAMEN RIDER) (Coat Ver.)",16500,4800,4320,4800,images/KAMEN_RIDER_SHIN_KAMEN_RIDER_Coat_Ver.jpg,Y,immediate 260607,
SOFUBI,"メディコム・トイ
MEDICOM TOY","Vol.35 コブラ男(新色蓄光)+ミニソフビ 12+24cm set
COBRA MAN (Glow new color) + Mini Sofubi",13200,4000,3600,4000,images/COBRA_MAN_Glow_new_color_Mini_Sofubi.jpg,Y,immediate 260607,
SOFUBI,"メディコム・トイ
MEDICOM TOY","Vol.35 ロボリキ 24cm
ROBORIKI",,3300,2970,3300,images/ROBORIKI.jpg,Y,immediate 260607,
SOFUBI,"メディコム・トイ
MEDICOM TOY","Vol.35 タイホウバッファロー(新色)+ミニソフビ 12+24cm set
TAIHO BUFFALO (New color) + Mini Sofubi",13200,4000,3600,4000,images/TAIHO_BUFFALO_New_color_Mini_Sofubi.jpg,Y,immediate 260607,
SOFUBI,"メディコム・トイ
MEDICOM TOY","Vol.35 シードラゴンII世 24cm
SEA DRAGON II",9900,3000,2700,3000,images/SEA_DRAGON_II.jpg,Y,immediate 260607,
SOFUBI,"メディコム・トイ
MEDICOM TOY","Vol.36 ゲルショッカー戦闘員(腕クロスVer.) 24cm
GEL SHOCKER SOLDIER (Crossing arms Ver.)",9900,2900,2610,2900,images/GEL_SHOCKER_SOLDIER_Crossing_arms_Ver.jpg,Y,immediate 260607,
SOFUBI,"メディコム・トイ
MEDICOM TOY","Vol.36 バトルジャパン 24cm
BATTLE JAPAN",10780,3100,2790,3100,images/BATTLE_JAPAN.jpg,Y,immediate 260607,
SOFUBI,"メディコム・トイ
MEDICOM TOY","Vol.36 ゲルショッカー首領(蛇頭部Ver.) 24cm
GEL-SHOCKER LEADER (Snake Head Ver.)",9900,2700,2430,2700,images/GEL_SHOCKER_LEADER_Snake_Head_Ver.jpg,Y,immediate 260607,
SOFUBI,"メディコム・トイ
MEDICOM TOY","Vol.36 かまきり男（鎖カマVer.）+ミニソフビ 24cm+12cm set
MANTIS MAN (Chain scythe Ver.) + Mini Sofubi",13200,3800,3420,3800,images/MANTIS_MAN_Chain_scythe_Ver_Mini_Sofubi.jpg,Y,immediate 260607,
SOFUBI,"メディコム・トイ
MEDICOM TOY","Vol.37 ツバサ大僧正 24cm
TSUBASA DAISOJO",9900,3000,2700,3000,images/TSUBASA_DAISOJO.jpg,Y,immediate 260607,
SOFUBI,"メディコム・トイ
MEDICOM TOY","Vol.37 モスキラス 24cm
MOSKIRAS",9900,3000,2700,3000,images/MOSKIRAS.jpg,Y,immediate 260607,
SOFUBI,"メディコム・トイ
MEDICOM TOY","Vol.37 改造ネズコンドル 24cm
ENHANCED NEZCONDOR",11000,3200,2880,3200,images/ENHANCED_NEZCONDOR.jpg,Y,immediate 260607,
SOFUBI,"メディコム・トイ
MEDICOM TOY","Vol.37 仮面ライダーX(セタップVer.) 240mm
KAMEN RIDER X (Setup Ver.)",11880,3400,3060,3400,images/KAMEN_RIDER_X_Setup_Ver.jpg,Y,immediate 260607,
SOFUBI,"メディコム・トイ
MEDICOM TOY","Vol.37 呪博士
Dr. Curse",11000,3400,3060,3400,images/Dr_Curse.jpg,Y,immediate 260607,
SOFUBI,"メディコム・トイ
MEDICOM TOY","Vol.37 原作版ショッカーライダー 24cm
SHOCKER RIDER (Original manga Ver.)",11000,3300,2970,3300,images/SHOCKER_RIDER_Original_manga_Ver.jpg,Y,immediate 260607,
SOFUBI,"メディコム・トイ
MEDICOM TOY","Vol.37 イソギンチャック(新色)+ミニソフビ 24cm+12cm set
ISOGINCHACK (New color) + Mini Sofubi",13200,4000,3600,4000,images/ISOGINCHACK_New_color_Mini_Sofubi.jpg,Y,immediate 260607,
SOFUBI,"メディコム・トイ
MEDICOM TOY","Vol.37 ロボペケ 24cm
ROBOPEKE",11880,3400,3060,3400,images/ROBOPEKE.jpg,Y,immediate 260607,
SOFUBI,"メディコム・トイ
MEDICOM TOY","Vol.37 ガマギラー(鎌持ちVer.)+ミニソフビ 24cm+12cm set
GAMAGUILER (with chain weapon) + Mini Sofubi",13200,3800,3420,3800,images/GAMAGUILER_with_chain_weapon_Mini_Sofubi.jpg,Y,immediate 260607,
SOFUBI,"メディコム・トイ
MEDICOM TOY","Vol.38 シルバーハカイダー（新色）+ミニギンエビ
SILVER HAKAIDER (New color Ver.) + Mini Silver Shrimp",13200,3700,3330,3700,images/SILVER_HAKAIDER_New_color_Ver_Mini_Silver_Shrimp.jpg,Y,immediate 260607,
SOFUBI,"メディコム・トイ
MEDICOM TOY","Vol.38 フクロウ男(新色蓄光)+ミニソフビ
OWL MAN (New Color/Glow in the dark) + Mini Sofubi",13200,3700,3330,3700,images/OWL_MAN_New_Color_Glow_in_the_dark_Mini_Sofubi.jpg,Y,immediate 260607,
SOFUBI,"メディコム・トイ
MEDICOM TOY","Vol.38 ギャバン（蒸着Ver.）240mm
GAVAN (Vapor Deposition Ver.)",14300,3900,3510,3900,images/GAVAN_Vapor_Deposition_Ver.jpg,Y,immediate 260607,
SOFUBI,"メディコム・トイ
MEDICOM TOY","Vol.38 仮面ライダーアマゾン(ダメージカラーVer.)
KAMEN RIDER AMAZON (Damaged color Ver.)",11880,3400,3060,3400,images/KAMEN_RIDER_AMAZON_Damaged_color_Ver.jpg,Y,immediate 260607,
SOFUBI,"メディコム・トイ
MEDICOM TOY","Vol.38 ピラザウルス（新色蓄光）+ミニソフビ
PIRAZAURUS (New Color/Glow in the dark) + Mini Sofubi",13200,3700,3330,3700,images/PIRAZAURUS_New_Color_Glow_in_the_dark_Mini_Sofubi.jpg,Y,immediate 260607,
SOFUBI,"メディコム・トイ
MEDICOM TOY","Vol.38 ロボメロ
ROBOMERO",11880,3300,2970,3300,images/ROBOMERO.jpg,Y,immediate 260607,
SOFUBI,"メディコム・トイ
MEDICOM TOY","Vol.38 カメレオマン 240mm
KAMEREOMAN",11000,3100,2790,3100,images/KAMEREOMAN.jpg,Y,immediate 260607,
SOFUBI,"メディコム・トイ
MEDICOM TOY","Vol.38 ヒトデンジャー(新色)+ミニソフビ 12+24cm set
HITODENGER (New color) + Mini Sofubi",13200,3800,3420,3800,images/HITODENGER_New_color_Mini_Sofubi.jpg,Y,immediate 260607,
SOFUBI,"メディコム・トイ
MEDICOM TOY","Vol.38 山本大介(変身ポーズVer.)
DAISUKE YAMAMOTO (Henshin Pose Ver.)",11880,3100,2790,3100,images/DAISUKE_YAMAMOTO_Henshin_Pose_Ver.jpg,Y,immediate 260607,
SOFUBI,"メディコム・トイ
MEDICOM TOY","Vol.39 ズ・グムン・バ (長爪Ver.) 24cm
ZU-GUMUN-BA (Long claw Ver.)",12100,3300,2970,3300,images/ZU_GUMUN_BA_Long_claw_Ver.jpg,Y,immediate 260607,
SOFUBI,"メディコム・トイ
MEDICOM TOY","Vol.39 原作版仮面ライダー(一文字隼人Ver.)
KAMEN RIDER Original Ver. (Hayato Ichimonji)",13200,3900,3510,3900,images/KAMEN_RIDER_Original_Ver_Hayato_Ichimonji.jpg,Y,immediate 260607,
SOFUBI,"メディコム・トイ
MEDICOM TOY","Vol.39 ロボゲラ(泣き顔Ver.)
ROBOGERA (Crying Ver.)",13200,3700,3330,3700,images/ROBOGERA_Crying_Ver.jpg,Y,immediate 260607,
SOFUBI,"メディコム・トイ
MEDICOM TOY","Vol.39 ナメクジラ(新色蓄光)+ミニソフビ
NAMEWHALE (New Color/Glow in the dark) + Mini Sofubi",14300,4300,3870,4300,images/NAMEWHALE_New_Color_Glow_in_the_dark_Mini_Sofubi.jpg,Y,immediate 260607,
SOFUBI,"メディコム・トイ
MEDICOM TOY","Vol.39 ハリサスマン
HARISASUMAN",12100,3600,3240,3600,images/HARISASUMAN.jpg,Y,immediate 260607,
SOFUBI,"メディコム・トイ
MEDICOM TOY","Vol.35 ブラック将軍(ミドルサイズ) 15cm
GENERAL BLACK (Middle size)",6050,2000,1800,2000,images/GENERAL_BLACK_Middle_size.jpg,Y,immediate 260607,
SOFUBI,"メディコム・トイ
MEDICOM TOY","Vol.32 ガラガランダ (ミドルサイズ)
GARAGARANDA (Middle size)",4950,1600,1440,1600,images/GARAGARANDA_Middle_size.jpg,Y,immediate 260607,
SOFUBI,"メディコム・トイ
MEDICOM TOY","Vol.30 ウデゲルゲ (蓄光) (ミドルサイズ)
UDEGERUGE (Glow) (Middle size)",4950,1600,1440,1600,images/UDEGERUGE_Glow_Middle_size.jpg,Y,immediate 260607,
SOFUBI,"メディコム・トイ
MEDICOM TOY","Vol.38 ショッカーライダーNo.4（ミドルサイズ）
SHOCKER RIDER No.4 (Middle Size)",6600,2000,1800,2000,images/SHOCKER_RIDER_No_4_Middle_Size.jpg,Y,immediate 260607,
SOFUBI,"メディコム・トイ
MEDICOM TOY","Vol.30 仮面ライダー新2号(細ライン、マスク取れ)(ミドルサイズ)
SHIN NIGO (Thin line, mask off) (Middle size)",6050,2450,2205,2450,images/SHIN_NIGO_Thin_line_mask_off_Middle_size.jpg,Y,immediate 260607,
SOFUBI,"メディコム・トイ
MEDICOM TOY","Vol.30 仮面ライダー新2号(太ライン、マスク取れ)(ミドルサイズ)
SHIN NIGO (Thick line, mask off) (Middle size)",6050,2450,2205,2450,images/SHIN_NIGO_Thick_line_mask_off_Middle_size.jpg,Y,immediate 260607,
SOFUBI,"メディコム・トイ
MEDICOM TOY","Vol.34 十面鬼（新色）
JUMENKI (New color)",,4500,4050,4500,images/JUMENKI_New_color.jpg,Y,immediate 260607,
SOFUBI,"メディコム・トイ
MEDICOM TOY","LEGEND VINYL WARRIORS ラオウ 26cm
LEGEND VINYL WARRIORS RAOH",16500,4800,4320,4800,images/LEGEND_VINYL_WARRIORS_RAOH.jpg,Y,immediate 260607,
SOFUBI,"メディコム・トイ
MEDICOM TOY","SFS ベイダー（ブラックマスク版）25cm
VADER (Black Mask Ver.)",14300,4100,3690,4100,images/VADER_Black_Mask_Ver.jpg,Y,immediate 260607,
SOFUBI,"メディコム・トイ
MEDICOM TOY","快傑ライオン丸（植毛版）25cm
LION MARU (Flocked Ver.)",,4600,4140,4600,images/LION_MARU_Flocked_Ver.jpg,Y,immediate 260607,
SOFUBI,"メディコム・トイ
MEDICOM TOY","Vol.30 仮面ライダー1号(原作版)
KAMEN RIDER No.1 (Original manga Ver.)",18000,7300,6570,7300,images/KAMEN_RIDER_No_1_Original_manga_Ver.jpg,Y,immediate 260607,
SOFUBI,"メディコム・トイ
MEDICOM TOY","Vol.29 ショッカーライダーNo.1(キングサイズ)
SHOCKER RIDER No.1 (King size)",18150,7400,6660,7400,images/SHOCKER_RIDER_No_1_King_size.jpg,Y,immediate 260607,
SOFUBI,"メディコム・トイ
MEDICOM TOY","Vol.30 キングサイズ 仮面ライダー1号(桜島Ver.)
KAMEN RIDER No.1 (Sakurajima Ver.) (King size)",16500,6900,6210,6900,images/KAMEN_RIDER_No_1_Sakurajima_Ver_King_size.jpg,Y,immediate 260607,
SOFUBI,"メディコム・トイ
MEDICOM TOY","ウルトラマン 銀塗装Ver.（シン・ウルトラマン版）25cm
ULTRAMAN (Silver paint Ver.) (SHIN ULTRAMAN)",,3400,3060,3400,images/ULTRAMAN_Silver_paint_Ver_SHIN_ULTRAMAN.jpg,Y,immediate 260607,
SOFUBI,"メディコム・トイ
MEDICOM TOY","ウルトラマン エネルギー消耗時Ver.（シン・ウルトラマン版）25cm
ULTRAMAN (Energy depleted Ver.) (SHIN ULTRAMAN)",,3400,3060,3400,images/ULTRAMAN_Energy_depleted_Ver_SHIN_ULTRAMAN.jpg,Y,immediate 260607,
SOFUBI,"メディコム・トイ
MEDICOM TOY","YOUNG-HEE 250mm
YOUNG-HEE",16500,4500,4050,4500,images/YOUNG_HEE.jpg,Y,immediate 260607,
SOFUBI,"メディコム・トイ
MEDICOM TOY","チェンソーマン 26.5cm
CHAINSAW MAN",19800,5300,4770,5300,images/CHAINSAW_MAN.jpg,Y,immediate 260607,
SOFUBI,"メディコム・トイ
MEDICOM TOY","ボム 24.5cm
BOMB",19800,5300,4770,5300,images/BOMB.jpg,Y,immediate 260607,
