PLUSH,"セキグチ
SEKIGUCHI","手のひらぬいぐるみ スナフキン
Palm-Sized Plush Snufkin",,2530,900,810,900,images/Palm_Sized_Plush_Snufkin.jpg,Y,immediate,immediate
PLUSH,"セキグチ
SEKIGUCHI","手のひらぬいぐるみ リトルミイ
Palm-Sized Plush Little My",,2530,900,810,900,images/Palm_Sized_Plush_Little_My.jpg,Y,immediate,immediate
PLUSH,"セキグチ
SEKIGUCHI","夢見るミムラ 手のひらサイズ
Dreamy Mimura Palm-Sized Plush",,1980,700,630,700,images/Dreamy_Mimura_Palm_Sized_Plush.jpg,Y,immediate,immediate
PLUSH,"セキグチ
SEKIGUCHI","ムーミン たそがれスナフキン マスコット
Moomin Twilight Snufkin Mascot",,1540,600,540,600,images/Moomin_Twilight_Snufkin_Mascot.jpg,Y,immediate,immediate
PLUSH,"セキグチ
SEKIGUCHI","ムーミン 夢見るミムラ マスコット
Moomin Dreaming Mymble Mascot",,1540,600,540,600,images/Moomin_Dreaming_Mymble_Mascot.jpg,Y,immediate,immediate
