"PLUSH","セキグチ
SEKIGUCHI","モンチッチ プレミアムスタンダード 2Lサイズ ブラウン 男の子
Monchhichi Premium Standard 2L Brown Boy","","24200","7700","6930","7700","images/Monchhichi_Premium_Standard_2L_Brown_Boy.jpg","Y","immediate 260612",""
"PLUSH","セキグチ
SEKIGUCHI","モンチッチ プレミアムスタンダード 2Lサイズ ブラウン 女の子
Monchhichi Premium Standard 2L Brown Girl","","24200","7700","6930","7700","images/Monchhichi_Premium_Standard_2L_Brown_Girl.jpg","Y","immediate 260612",""
"PLUSH","セキグチ
SEKIGUCHI","モンチッチ プレミアムスタンダード Lサイズ ブラウン 男の子
Monchhichi Premium Standard L Brown Boy","","6600","2300","2070","2300","images/Monchhichi_Premium_Standard_L_Brown_Boy.jpg","Y","immediate 260612",""
"PLUSH","セキグチ
SEKIGUCHI","モンチッチ プレミアムスタンダード Lサイズ ブラウン 女の子
Monchhichi Premium Standard L Brown Girl","","6600","2300","2070","2300","images/Monchhichi_Premium_Standard_L_Brown_Girl.jpg","Y","immediate 260612",""
"PLUSH","セキグチ
SEKIGUCHI","モンチッチ プレミアムスタンダード Mサイズ ブラウン 女の子
Monchhichi Premium Standard M Brown Girl","","3520","1200","1080","1200","images/Monchhichi_Premium_Standard_M_Brown_Girl.jpg","Y","immediate 260612",""
"PLUSH","セキグチ
SEKIGUCHI","モンチッチ プレミアムスタンダード Mサイズ ブラウン 男の子
Monchhichi Premium Standard M Brown Boy","","3520","1200","1080","1200","images/Monchhichi_Premium_Standard_M_Brown_Boy.jpg","Y","immediate 260612",""
"PLUSH","セキグチ
SEKIGUCHI","モンチッチ プレミアムスタンダード Sサイズ ブラウン 男の子
Monchhichi Premium Standard S Brown Boy","","2640","900","810","900","images/Monchhichi_Premium_Standard_S_Brown_Boy.jpg","Y","immediate 260612",""
"PLUSH","セキグチ
SEKIGUCHI","モンチッチ プレミアムスタンダード Sサイズ ブラウン 女の子
Monchhichi Premium Standard S Brown Girl","","2640","900","810","900","images/Monchhichi_Premium_Standard_S_Brown_Girl.jpg","Y","immediate 260612",""
"PLUSH","セキグチ
SEKIGUCHI","モンチッチ プレミアムスタンダード SS ブラウン 男の子 座り
Monchhichi Premium Standard SS Brown Boy Sitting","","2200","800","720","800","images/Monchhichi_Premium_Standard_SS_Brown_Boy_Sitting.jpg","Y","immediate 260612",""
"PLUSH","セキグチ
SEKIGUCHI","モンチッチ プレミアムスタンダード SS ブラウン 女の子 座り
Monchhichi Premium Standard SS Brown Girl Sitting","","2200","800","720","800","images/Monchhichi_Premium_Standard_SS_Brown_Girl_Sitting.jpg","Y","immediate 260612",""
"PLUSH","セキグチ
SEKIGUCHI","ラブハッピーエンジェル モンチッチ S 男の子
Love Happy Angel Monchhichi S Boy","","3520","1200","1080","1200","images/Love_Happy_Angel_Monchhichi_S_Boy.jpg","Y","immediate 260612",""
"PLUSH","セキグチ
SEKIGUCHI","ラブハッピーエンジェル モンチッチ S 女の子
Love Happy Angel Monchhichi S Girl","","3520","1200","1080","1200","images/Love_Happy_Angel_Monchhichi_S_Girl.jpg","Y","immediate 260612",""
"PLUSH","セキグチ
SEKIGUCHI","チムたんスタンダードM
Chimutan Standard M","","3850","1300","1170","1300","images/Chimutan_Standard_M.jpg","Y","immediate 260612",""
"PLUSH","セキグチ
SEKIGUCHI","チムたんスタンダードS
Chimutan Standard S","","3080","1100","990","1100","images/Chimutan_Standard_S.jpg","Y","immediate 260612",""
"PLUSH","セキグチ
SEKIGUCHI","リバイバル ベビチッチ・ドレスタイプ 女の子（ウサギ）
Revival Babechhichi Dress Type Girl (Rabbit)","","3520","1200","1080","1200","images/Revival_Babechhichi_Dress_Type_Girl_Rabbit.jpg","Y","immediate 260612",""
"PLUSH","セキグチ
SEKIGUCHI","モンチッチ×ちびまる子ちゃん S
Monchhichi x Chibi Maruko-chan S","","5170","1800","1620","1800","images/Monchhichi_x_Chibi_Maruko_chan_S.jpg","Y","immediate 260612",""
"PLUSH","セキグチ
SEKIGUCHI","モンチッチ  Sサイズ KIDDYLAND LIMITED
Monchhichi S size KIDDYLAND LIMITED","","2860","1000","900","1000","","Y","immediate 260612",""
